x,y,width,height,density
83600,71820,20000,19380,63.88235294117647
103600,71820,800,19380,17.647058823529413
